task_index,replicate,chemistry.b,chemistry.I0,mechanics.interaction_strength
1,1,0.1,-2,0.1
2,2,0.1,-2,0.1
3,3,0.1,-2,0.1
4,1,0.1,-2,0.5
5,2,0.1,-2,0.5
6,3,0.1,-2,0.5
7,1,0.1,-2,1
8,2,0.1,-2,1
9,3,0.1,-2,1
10,1,0.1,-1.5,0.1
11,2,0.1,-1.5,0.1
12,3,0.1,-1.5,0.1
13,1,0.1,-1.5,0.5
14,2,0.1,-1.5,0.5
15,3,0.1,-1.5,0.5
16,1,0.1,-1.5,1
17,2,0.1,-1.5,1
18,3,0.1,-1.5,1
19,1,0.1,-1,0.1
20,2,0.1,-1,0.1
21,3,0.1,-1,0.1
22,1,0.1,-1,0.5
23,2,0.1,-1,0.5
24,3,0.1,-1,0.5
25,1,0.1,-1,1
26,2,0.1,-1,1
27,3,0.1,-1,1
28,1,0.1,-0.5,0.1
29,2,0.1,-0.5,0.1
30,3,0.1,-0.5,0.1
31,1,0.1,-0.5,0.5
32,2,0.1,-0.5,0.5
33,3,0.1,-0.5,0.5
34,1,0.1,-0.5,1
35,2,0.1,-0.5,1
36,3,0.1,-0.5,1
37,1,0.1,0,0.1
38,2,0.1,0,0.1
39,3,0.1,0,0.1
40,1,0.1,0,0.5
41,2,0.1,0,0.5
42,3,0.1,0,0.5
43,1,0.1,0,1
44,2,0.1,0,1
45,3,0.1,0,1
46,1,0.1,0.5,0.1
47,2,0.1,0.5,0.1
48,3,0.1,0.5,0.1
49,1,0.1,0.5,0.5
50,2,0.1,0.5,0.5
51,3,0.1,0.5,0.5
52,1,0.1,0.5,1
53,2,0.1,0.5,1
54,3,0.1,0.5,1
55,1,0.2,-2,0.1
56,2,0.2,-2,0.1
57,3,0.2,-2,0.1
58,1,0.2,-2,0.5
59,2,0.2,-2,0.5
60,3,0.2,-2,0.5
61,1,0.2,-2,1
62,2,0.2,-2,1
63,3,0.2,-2,1
64,1,0.2,-1.5,0.1
65,2,0.2,-1.5,0.1
66,3,0.2,-1.5,0.1
67,1,0.2,-1.5,0.5
68,2,0.2,-1.5,0.5
69,3,0.2,-1.5,0.5
70,1,0.2,-1.5,1
71,2,0.2,-1.5,1
72,3,0.2,-1.5,1
73,1,0.2,-1,0.1
74,2,0.2,-1,0.1
75,3,0.2,-1,0.1
76,1,0.2,-1,0.5
77,2,0.2,-1,0.5
78,3,0.2,-1,0.5
79,1,0.2,-1,1
80,2,0.2,-1,1
81,3,0.2,-1,1
82,1,0.2,-0.5,0.1
83,2,0.2,-0.5,0.1
84,3,0.2,-0.5,0.1
85,1,0.2,-0.5,0.5
86,2,0.2,-0.5,0.5
87,3,0.2,-0.5,0.5
88,1,0.2,-0.5,1
89,2,0.2,-0.5,1
90,3,0.2,-0.5,1
91,1,0.2,0,0.1
92,2,0.2,0,0.1
93,3,0.2,0,0.1
94,1,0.2,0,0.5
95,2,0.2,0,0.5
96,3,0.2,0,0.5
97,1,0.2,0,1
98,2,0.2,0,1
99,3,0.2,0,1
100,1,0.2,0.5,0.1
101,2,0.2,0.5,0.1
102,3,0.2,0.5,0.1
103,1,0.2,0.5,0.5
104,2,0.2,0.5,0.5
105,3,0.2,0.5,0.5
106,1,0.2,0.5,1
107,2,0.2,0.5,1
108,3,0.2,0.5,1
109,1,0.5,-2,0.1
110,2,0.5,-2,0.1
111,3,0.5,-2,0.1
112,1,0.5,-2,0.5
113,2,0.5,-2,0.5
114,3,0.5,-2,0.5
115,1,0.5,-2,1
116,2,0.5,-2,1
117,3,0.5,-2,1
118,1,0.5,-1.5,0.1
119,2,0.5,-1.5,0.1
120,3,0.5,-1.5,0.1
121,1,0.5,-1.5,0.5
122,2,0.5,-1.5,0.5
123,3,0.5,-1.5,0.5
124,1,0.5,-1.5,1
125,2,0.5,-1.5,1
126,3,0.5,-1.5,1
127,1,0.5,-1,0.1
128,2,0.5,-1,0.1
129,3,0.5,-1,0.1
130,1,0.5,-1,0.5
131,2,0.5,-1,0.5
132,3,0.5,-1,0.5
133,1,0.5,-1,1
134,2,0.5,-1,1
135,3,0.5,-1,1
136,1,0.5,-0.5,0.1
137,2,0.5,-0.5,0.1
138,3,0.5,-0.5,0.1
139,1,0.5,-0.5,0.5
140,2,0.5,-0.5,0.5
141,3,0.5,-0.5,0.5
142,1,0.5,-0.5,1
143,2,0.5,-0.5,1
144,3,0.5,-0.5,1
145,1,0.5,0,0.1
146,2,0.5,0,0.1
147,3,0.5,0,0.1
148,1,0.5,0,0.5
149,2,0.5,0,0.5
150,3,0.5,0,0.5
151,1,0.5,0,1
152,2,0.5,0,1
153,3,0.5,0,1
154,1,0.5,0.5,0.1
155,2,0.5,0.5,0.1
156,3,0.5,0.5,0.1
157,1,0.5,0.5,0.5
158,2,0.5,0.5,0.5
159,3,0.5,0.5,0.5
160,1,0.5,0.5,1
161,2,0.5,0.5,1
162,3,0.5,0.5,1
163,1,1,-2,0.1
164,2,1,-2,0.1
165,3,1,-2,0.1
166,1,1,-2,0.5
167,2,1,-2,0.5
168,3,1,-2,0.5
169,1,1,-2,1
170,2,1,-2,1
171,3,1,-2,1
172,1,1,-1.5,0.1
173,2,1,-1.5,0.1
174,3,1,-1.5,0.1
175,1,1,-1.5,0.5
176,2,1,-1.5,0.5
177,3,1,-1.5,0.5
178,1,1,-1.5,1
179,2,1,-1.5,1
180,3,1,-1.5,1
181,1,1,-1,0.1
182,2,1,-1,0.1
183,3,1,-1,0.1
184,1,1,-1,0.5
185,2,1,-1,0.5
186,3,1,-1,0.5
187,1,1,-1,1
188,2,1,-1,1
189,3,1,-1,1
190,1,1,-0.5,0.1
191,2,1,-0.5,0.1
192,3,1,-0.5,0.1
193,1,1,-0.5,0.5
194,2,1,-0.5,0.5
195,3,1,-0.5,0.5
196,1,1,-0.5,1
197,2,1,-0.5,1
198,3,1,-0.5,1
199,1,1,0,0.1
200,2,1,0,0.1
201,3,1,0,0.1
202,1,1,0,0.5
203,2,1,0,0.5
204,3,1,0,0.5
205,1,1,0,1
206,2,1,0,1
207,3,1,0,1
208,1,1,0.5,0.1
209,2,1,0.5,0.1
210,3,1,0.5,0.1
211,1,1,0.5,0.5
212,2,1,0.5,0.5
213,3,1,0.5,0.5
214,1,1,0.5,1
215,2,1,0.5,1
216,3,1,0.5,1
217,1,1.5,-2,0.1
218,2,1.5,-2,0.1
219,3,1.5,-2,0.1
220,1,1.5,-2,0.5
221,2,1.5,-2,0.5
222,3,1.5,-2,0.5
223,1,1.5,-2,1
224,2,1.5,-2,1
225,3,1.5,-2,1
226,1,1.5,-1.5,0.1
227,2,1.5,-1.5,0.1
228,3,1.5,-1.5,0.1
229,1,1.5,-1.5,0.5
230,2,1.5,-1.5,0.5
231,3,1.5,-1.5,0.5
232,1,1.5,-1.5,1
233,2,1.5,-1.5,1
234,3,1.5,-1.5,1
235,1,1.5,-1,0.1
236,2,1.5,-1,0.1
237,3,1.5,-1,0.1
238,1,1.5,-1,0.5
239,2,1.5,-1,0.5
240,3,1.5,-1,0.5
241,1,1.5,-1,1
242,2,1.5,-1,1
243,3,1.5,-1,1
244,1,1.5,-0.5,0.1
245,2,1.5,-0.5,0.1
246,3,1.5,-0.5,0.1
247,1,1.5,-0.5,0.5
248,2,1.5,-0.5,0.5
249,3,1.5,-0.5,0.5
250,1,1.5,-0.5,1
251,2,1.5,-0.5,1
252,3,1.5,-0.5,1
253,1,1.5,0,0.1
254,2,1.5,0,0.1
255,3,1.5,0,0.1
256,1,1.5,0,0.5
257,2,1.5,0,0.5
258,3,1.5,0,0.5
259,1,1.5,0,1
260,2,1.5,0,1
261,3,1.5,0,1
262,1,1.5,0.5,0.1
263,2,1.5,0.5,0.1
264,3,1.5,0.5,0.1
265,1,1.5,0.5,0.5
266,2,1.5,0.5,0.5
267,3,1.5,0.5,0.5
268,1,1.5,0.5,1
269,2,1.5,0.5,1
270,3,1.5,0.5,1
271,1,2,-2,0.1
272,2,2,-2,0.1
273,3,2,-2,0.1
274,1,2,-2,0.5
275,2,2,-2,0.5
276,3,2,-2,0.5
277,1,2,-2,1
278,2,2,-2,1
279,3,2,-2,1
280,1,2,-1.5,0.1
281,2,2,-1.5,0.1
282,3,2,-1.5,0.1
283,1,2,-1.5,0.5
284,2,2,-1.5,0.5
285,3,2,-1.5,0.5
286,1,2,-1.5,1
287,2,2,-1.5,1
288,3,2,-1.5,1
289,1,2,-1,0.1
290,2,2,-1,0.1
291,3,2,-1,0.1
292,1,2,-1,0.5
293,2,2,-1,0.5
294,3,2,-1,0.5
295,1,2,-1,1
296,2,2,-1,1
297,3,2,-1,1
298,1,2,-0.5,0.1
299,2,2,-0.5,0.1
300,3,2,-0.5,0.1
301,1,2,-0.5,0.5
302,2,2,-0.5,0.5
303,3,2,-0.5,0.5
304,1,2,-0.5,1
305,2,2,-0.5,1
306,3,2,-0.5,1
307,1,2,0,0.1
308,2,2,0,0.1
309,3,2,0,0.1
310,1,2,0,0.5
311,2,2,0,0.5
312,3,2,0,0.5
313,1,2,0,1
314,2,2,0,1
315,3,2,0,1
316,1,2,0.5,0.1
317,2,2,0.5,0.1
318,3,2,0.5,0.1
319,1,2,0.5,0.5
320,2,2,0.5,0.5
321,3,2,0.5,0.5
322,1,2,0.5,1
323,2,2,0.5,1
324,3,2,0.5,1
325,1,2.5,-2,0.1
326,2,2.5,-2,0.1
327,3,2.5,-2,0.1
328,1,2.5,-2,0.5
329,2,2.5,-2,0.5
330,3,2.5,-2,0.5
331,1,2.5,-2,1
332,2,2.5,-2,1
333,3,2.5,-2,1
334,1,2.5,-1.5,0.1
335,2,2.5,-1.5,0.1
336,3,2.5,-1.5,0.1
337,1,2.5,-1.5,0.5
338,2,2.5,-1.5,0.5
339,3,2.5,-1.5,0.5
340,1,2.5,-1.5,1
341,2,2.5,-1.5,1
342,3,2.5,-1.5,1
343,1,2.5,-1,0.1
344,2,2.5,-1,0.1
345,3,2.5,-1,0.1
346,1,2.5,-1,0.5
347,2,2.5,-1,0.5
348,3,2.5,-1,0.5
349,1,2.5,-1,1
350,2,2.5,-1,1
351,3,2.5,-1,1
352,1,2.5,-0.5,0.1
353,2,2.5,-0.5,0.1
354,3,2.5,-0.5,0.1
355,1,2.5,-0.5,0.5
356,2,2.5,-0.5,0.5
357,3,2.5,-0.5,0.5
358,1,2.5,-0.5,1
359,2,2.5,-0.5,1
360,3,2.5,-0.5,1
361,1,2.5,0,0.1
362,2,2.5,0,0.1
363,3,2.5,0,0.1
364,1,2.5,0,0.5
365,2,2.5,0,0.5
366,3,2.5,0,0.5
367,1,2.5,0,1
368,2,2.5,0,1
369,3,2.5,0,1
370,1,2.5,0.5,0.1
371,2,2.5,0.5,0.1
372,3,2.5,0.5,0.1
373,1,2.5,0.5,0.5
374,2,2.5,0.5,0.5
375,3,2.5,0.5,0.5
376,1,2.5,0.5,1
377,2,2.5,0.5,1
378,3,2.5,0.5,1
